sequence,instrument_id,event_type,order_id,side,price,quantity
1,1001,ADD,1,BID,10000,100
2,2001,ADD,1,BID,25000,80
3,3001,ADD,1,BID,5000,60
4,1001,ADD,2,ASK,10005,120
5,2001,ADD,2,ASK,25010,70
6,3001,ADD,2,ASK,5010,90
7,1001,ADD,3,BID,9999,50
8,2001,ADD,3,BID,24995,40
9,3001,ADD,3,ASK,5012,30
10,1001,EXECUTE,1,,,25
11,2001,EXECUTE,2,,,20
12,3001,CANCEL,1,,,
13,1001,ADD,4,ASK,10006,45
14,2001,ADD,4,BID,25001,65
15,3001,ADD,4,BID,4998,100
16,1001,EXECUTE,2,,,50
17,2001,CANCEL,3,,,
18,3001,EXECUTE,2,,,30
19,1001,ADD,5,BID,10001,75
20,2001,ADD,5,ASK,25008,55
21,3001,ADD,5,ASK,5008,40
22,1001,CANCEL,3,,,
23,2001,EXECUTE,4,,,15
24,3001,EXECUTE,4,,,40
25,1001,EXECUTE,1,,,75
26,2001,EXECUTE,2,,,50
27,3001,CANCEL,3,,,
28,1001,ADD,6,ASK,10004,90
29,2001,ADD,6,BID,24999,35
30,3001,ADD,6,BID,5001,25
31,1001,EXECUTE,4,,,20
32,2001,CANCEL,5,,,
33,3001,EXECUTE,5,,,10
34,1001,CANCEL,5,,,
35,2001,EXECUTE,4,,,50
36,3001,EXECUTE,2,,,60
37,1001,ADD,7,BID,9998,110
38,2001,ADD,7,ASK,25005,95
39,3001,ADD,7,ASK,5007,85
40,1001,EXECUTE,6,,,30
41,2001,EXECUTE,6,,,10
42,3001,CANCEL,4,,,
43,1001,EXECUTE,4,,,25
44,2001,ADD,8,BID,25002,45
45,3001,EXECUTE,6,,,5
46,1001,CANCEL,7,,,
47,2001,EXECUTE,7,,,35
48,3001,EXECUTE,7,,,25
49,1001,ADD,8,BID,10002,55
50,2001,CANCEL,6,,,
51,3001,CANCEL,5,,,
52,1001,EXECUTE,8,,,10
53,2001,EXECUTE,8,,,45
54,3001,EXECUTE,6,,,20
55,1001,EXECUTE,6,,,60
56,2001,EXECUTE,7,,,60
57,3001,EXECUTE,7,,,60
58,1001,ADD,9,ASK,10007,33
59,2001,ADD,9,BID,24997,44
60,3001,ADD,9,ASK,5015,22
